company,country,city,email,allEmails,website,phone,quality,source,sourceUrl,serviceFit,complianceStatus,lastCheckedAt
"BANGLADESH FREIGHT FORWARDERS ASSOCIATION -BAFFA-","Bangladesh","","info@baffa-bd.org","info@baffa-bd.org","http://www.baffa-bd.org","+880 2 8836324","100","FIATA members directory","https://fiata.org/directory/bd/","Freight forwarding / logistics agency","ready_for_manual_review","2026-06-09T06:56:31.942Z"
"CARGO POINT LIMITED","Bangladesh","","info@cpl-bd.com","info@cpl-bd.com","http://www.cpl-bd.com","+880 1973 015495","100","FIATA members directory","https://fiata.org/directory/bd/","Freight forwarding / logistics agency","ready_for_manual_review","2026-06-09T06:56:31.943Z"
"CONCORD EXPRESS (BD) LTD.","Bangladesh","","info@concordexp-bd.com","info@concordexp-bd.com","http://www.concordexp-bd.com","+880 2 9821941","100","FIATA members directory","https://fiata.org/directory/bd/","Freight forwarding / logistics agency","ready_for_manual_review","2026-06-09T06:56:31.943Z"
"J&Y INTERNATIONAL LIMITED","Bangladesh","","info@jyinternational.com.bd","info@jyinternational.com.bd","https://www.jyinternational.com.bd","+880 2 9634060","100","FIATA members directory","https://fiata.org/directory/bd/","Freight forwarding / logistics agency","ready_for_manual_review","2026-06-09T06:56:31.944Z"
"LEOPARD SHIPPING & LOGISTICS LIMITED","Bangladesh","","info@leopard-bd.com","info@leopard-bd.com","http://www.leopard-bd.com","+880 2 8833448","100","FIATA members directory","https://fiata.org/directory/bd/","Freight forwarding / logistics agency","ready_for_manual_review","2026-06-09T06:56:31.945Z"
"EGF LOGISTICS CO., LTD","Cambodia","","info@egflogistics.com","info@egflogistics.com","https://egflogistics.com","+855 23 215 158","100","FIATA members directory","https://fiata.org/directory/kh/","Freight forwarding / logistics agency","ready_for_manual_review","2026-06-09T06:56:31.005Z"
"SAFETY GLOBAL LOGISTICS (CAMBODIA) CO.,LTD","Cambodia","","info@safetygloballog.com","info@safetygloballog.com","https://safetygloballog.com/","+855 17 510 887","100","FIATA members directory","https://fiata.org/directory/kh/","Freight forwarding / logistics agency","ready_for_manual_review","2026-06-09T06:56:31.006Z"
"24X7 LOGISTICS PRIVATE LIMITED","India","","info@24x7logistics.com","info@24x7logistics.com","http://www.24x7logistics.com","+91 22 2417 2407","100","FIATA members directory","https://fiata.org/directory/in/","Freight forwarding / logistics agency","ready_for_manual_review","2026-06-09T06:56:26.185Z"
"AAGAAZ WORLDTRADE PVT LTD","India","","info@aagaaz.co.in","info@aagaaz.co.in","http://www.aagaaz.co.in","+91 99090 33300","100","FIATA members directory","https://fiata.org/directory/in/","Freight forwarding / logistics agency","ready_for_manual_review","2026-06-09T06:56:26.186Z"
"ACROSS GLOBE LOGISTICS LLP","India","","info@acrossglobe.co.in","info@acrossglobe.co.in","http://www.acrossglobe.co.in/","+91 22 6238 1100","100","FIATA members directory","https://fiata.org/directory/in/","Freight forwarding / logistics agency","ready_for_manual_review","2026-06-09T06:56:26.188Z"
"ACTIVE FREIGHT LOGISTICS (P) LIMITED","India","","info@activefreightlogistics.com","info@activefreightlogistics.com","http://www.activefreightlogistics.com","+91 98450 49313","100","FIATA members directory","https://fiata.org/directory/in/","Freight forwarding / logistics agency","ready_for_manual_review","2026-06-09T06:56:26.188Z"
"AEROTRANS GLOBAL FORWARDING INDIA PRIVATE LIMITED","India","","info@aerotransglobal.com","info@aerotransglobal.com","http://www.aerotransglobal.com","+91 44 4856 6020","100","FIATA members directory","https://fiata.org/directory/in/","Freight forwarding / logistics agency","ready_for_manual_review","2026-06-09T06:56:26.188Z"
"AGS LOGISTICS PVT LTD","India","","info@agslogistics.in","info@agslogistics.in","https://agslogistics.in","+91 98102 91575","100","FIATA members directory","https://fiata.org/directory/in/","Freight forwarding / logistics agency","ready_for_manual_review","2026-06-09T06:56:26.189Z"
"AIROCEANS TRANSCONTINENTAL PRIVATE LIMITED","India","","info@connectexim.com","info@connectexim.com","https://www.connectexim.com","+91 77410 04463","100","FIATA members directory","https://fiata.org/directory/in/","Freight forwarding / logistics agency","ready_for_manual_review","2026-06-09T06:56:26.189Z"
"AIROGO LOGISTICS PRIVATE LIMITED","India","","info@airogo.net","info@airogo.net","http://www.airogo.com","+91 44 2536 7731","100","FIATA members directory","https://fiata.org/directory/in/","Freight forwarding / logistics agency","ready_for_manual_review","2026-06-09T06:56:26.189Z"
"AMI GLOBAL LOGISTICS PVT. LTD.","India","","info@amilogistics.com","info@amilogistics.com","http://www.amiindia.com","+91 22 6617 4500","100","FIATA members directory","https://fiata.org/directory/in/","Freight forwarding / logistics agency","ready_for_manual_review","2026-06-09T06:56:26.191Z"
"AMRIT SEAIR EXPRESS PVT. LTD.","India","","info@amritind.com","info@amritind.com","http://www.amritind.com","+91 116225054","100","FIATA members directory","https://fiata.org/directory/in/","Freight forwarding / logistics agency","ready_for_manual_review","2026-06-09T06:56:26.191Z"
"AN FREIGHT FORWARDERS","India","","info@anfreight.com","info@anfreight.com","https://www.anfreight.com","+91 98156 24391","100","FIATA members directory","https://fiata.org/directory/in/","Freight forwarding / logistics agency","ready_for_manual_review","2026-06-09T06:56:26.191Z"
"ECHIBI LOGISTIK UTAMA","Indonesia","","marketing@echibilogistik.com","marketing@echibilogistik.com","https://www.echibilogistik.com","+62 811 9982 428","100","FIATA members directory","https://fiata.org/directory/id/","Freight forwarding / logistics agency","ready_for_manual_review","2026-06-09T06:56:28.144Z"
"P.T. PRATHAMA LINE LOGISTICS","Indonesia","","info@prathamaline.com","info@prathamaline.com","http://www.prathamaline.com","+62 361 8476456","100","FIATA members directory","https://fiata.org/directory/id/","Freight forwarding / logistics agency","ready_for_manual_review","2026-06-09T06:56:28.145Z"
"PT SURYAMAS LOGISTIK","Indonesia","","info@sml.id","info@sml.id","http://www.sml-logistics.com","+62 811 1888 841","100","FIATA members directory","https://fiata.org/directory/id/","Freight forwarding / logistics agency","ready_for_manual_review","2026-06-09T06:56:28.147Z"
"PT. CHAYA INTERFREIGHT CARGO","Indonesia","","info@interfreight-cargo.com","info@interfreight-cargo.com","https://www.interfreight-cargo.com","+62 622142882727","100","FIATA members directory","https://fiata.org/directory/id/","Freight forwarding / logistics agency","ready_for_manual_review","2026-06-09T06:56:28.148Z"
"PT. INO BUDI TRANS","Indonesia","","info@inobuditrans.co.id","info@inobuditrans.co.id","http://www.inobuditrans.co.id","+62 812 1286 4395","100","FIATA members directory","https://fiata.org/directory/id/","Freight forwarding / logistics agency","ready_for_manual_review","2026-06-09T06:56:28.149Z"
"PT. KIRIM KIRIM INTERNASIONAL","Indonesia","","info@kirimkirim.id","info@kirimkirim.id","https://kirimkirim.id/","+62 21 29621656","100","FIATA members directory","https://fiata.org/directory/id/","Freight forwarding / logistics agency","ready_for_manual_review","2026-06-09T06:56:28.149Z"
"PT. SADEWA EKSPRES LOGISTIK","Indonesia","","cs@sadewa-logistics.com","cs@sadewa-logistics.com","https://sadewa-logistics.com/","+62 21 53191200","100","FIATA members directory","https://fiata.org/directory/id/","Freight forwarding / logistics agency","ready_for_manual_review","2026-06-09T06:56:28.150Z"
"PT. SEMESTA SAHABAT MANDIRI","Indonesia","","marketing@ssmcorp.co.id","marketing@ssmcorp.co.id","http://ssmcorp.co.id","+62 811 1602 306","100","FIATA members directory","https://fiata.org/directory/id/","Freight forwarding / logistics agency","ready_for_manual_review","2026-06-09T06:56:28.150Z"
"PT. SZETO GLOBAL INDONESIA","Indonesia","","info@szetoglobalindo.com","info@szetoglobalindo.com","https://www.szetoglobalindo.com","+62 21 26081200","100","FIATA members directory","https://fiata.org/directory/id/","Freight forwarding / logistics agency","ready_for_manual_review","2026-06-09T06:56:28.151Z"
"PT. TRANSLOG BUMI INDONESIA","Indonesia","","cs@transbumi.com","cs@transbumi.com","https://transbumi.com","+62 21 84344738","100","FIATA members directory","https://fiata.org/directory/id/","Freight forwarding / logistics agency","ready_for_manual_review","2026-06-09T06:56:28.151Z"
"AWH VENTURES SDN BHD","Malaysia","","sales@awh.com.my","sales@awh.com.my","http://www.awh.com.my","+60 7 251 5591","100","FIATA members directory","https://fiata.org/directory/my/","Freight forwarding / logistics agency","ready_for_manual_review","2026-06-09T06:56:27.192Z"
"ECO GLOBAL LOGISTICS SDN. BHD.","Malaysia","","enquiry@eglgroup.com.my","enquiry@eglgroup.com.my","https://www.eglgroup.com.my","+60 3 3323 3319","100","FIATA members directory","https://fiata.org/directory/my/","Freight forwarding / logistics agency","ready_for_manual_review","2026-06-09T06:56:27.192Z"
"PREMIUM GLOBAL LOGISTICS SDN BHD","Malaysia","","sales@pglogistics.com.my","sales@pglogistics.com.my","http://www.pglogisticskul.com","+60 3 3325 9098","100","FIATA members directory","https://fiata.org/directory/my/","Freight forwarding / logistics agency","ready_for_manual_review","2026-06-09T06:56:27.194Z"
"TRANSAIRMARINE FREIGHT SERVICES SDN BHD","Malaysia","","enquiry@tfs.net.my","enquiry@tfs.net.my","http://www.tfs.net.my","+60 4 262 2518","100","FIATA members directory","https://fiata.org/directory/my/","Freight forwarding / logistics agency","ready_for_manual_review","2026-06-09T06:56:27.194Z"
"WORLDGATE EXPRESS SERVICES SDN BHD","Malaysia","","enquiry@worldgate.com.my","enquiry@worldgate.com.my","http://www.worldgate.com.my","+60 3 8060 3433","100","FIATA members directory","https://fiata.org/directory/my/","Freight forwarding / logistics agency","ready_for_manual_review","2026-06-09T06:56:27.195Z"
"MACE LOGISTICS CORP.","Philippines","","info@macelogistics.com","info@macelogistics.com","https://www.macelogistics.com","+63 2 8682 4671","100","FIATA members directory","https://fiata.org/directory/ph/","Freight forwarding / logistics agency","ready_for_manual_review","2026-06-09T06:56:29.071Z"
"ALLIANCE INTERNATIONAL LOGISTICS CO., LTD.","Vietnam","","info@ailglobal.net","info@ailglobal.net","http://www.ailglobal.net","+84 838 112 868","100","FIATA members directory","https://fiata.org/directory/vn/","Freight forwarding / logistics agency","ready_for_manual_review","2026-06-09T06:56:30.069Z"
"ALP LOGISTICS., JSC","Vietnam","","cs@alp.vn","cs@alp.vn","http://www.alp.vn","+84 24 3516 1648","100","FIATA members directory","https://fiata.org/directory/vn/","Freight forwarding / logistics agency","ready_for_manual_review","2026-06-09T06:56:30.069Z"
"APPLE TRANS CO., LTD","Vietnam","","sales@appletransvn.com","sales@appletransvn.com","https://www.appletransvn.com","+84 909 891 385","100","FIATA members directory","https://fiata.org/directory/vn/","Freight forwarding / logistics agency","ready_for_manual_review","2026-06-09T06:56:30.069Z"
"ASEAN LINES INTERNATIONAL CO. LTD","Vietnam","","admin@aseanlines.com","admin@aseanlines.com","http://www.aseanlines.com","+84 28 3521 0488","100","FIATA members directory","https://fiata.org/directory/vn/","Freight forwarding / logistics agency","ready_for_manual_review","2026-06-09T06:56:30.070Z"
"ASIA LOGISTICS AND TRADING JSC","Vietnam","","info@ashicologistics.com.vn","info@ashicologistics.com.vn","http://www.ashicologistics.com.vn","+84 225 3757 268","100","FIATA members directory","https://fiata.org/directory/vn/","Freight forwarding / logistics agency","ready_for_manual_review","2026-06-09T06:56:30.070Z"
"BEE LOGISTICS CORPORATION","Vietnam","","info@beelogistics.com","info@beelogistics.com","http://www.beelogistics.com","+84 862 647 272","100","FIATA members directory","https://fiata.org/directory/vn/","Freight forwarding / logistics agency","ready_for_manual_review","2026-06-09T06:56:30.070Z"
"DOLPHIN SEA AIR SERVICES CORPORATION","Vietnam","","marketing@dolphinseaair.com","marketing@dolphinseaair.com","http://www.dolphinseaair.com","+84 28 6264 7222","100","FIATA members directory","https://fiata.org/directory/vn/","Freight forwarding / logistics agency","ready_for_manual_review","2026-06-09T06:56:30.071Z"
"DUC VIET (CARGOTEAM) CO., LTD","Vietnam","","info@cargoteamvn.com","info@cargoteamvn.com","http://www.cargoteamvn.com","+84 28 3742 3777","100","FIATA members directory","https://fiata.org/directory/vn/","Freight forwarding / logistics agency","ready_for_manual_review","2026-06-09T06:56:30.072Z"
"FGS LOGISTICS COMPANY LTD","Vietnam","","info@fgslogistics.com","info@fgslogistics.com","http://www.fgslogistics.com","+84 28 3910 6300","100","FIATA members directory","https://fiata.org/directory/vn/","Freight forwarding / logistics agency","ready_for_manual_review","2026-06-09T06:56:30.072Z"
"HEADWAY JSC","Vietnam","","info@headway.com.vn","info@headway.com.vn","http://www.headway.com.vn","+84 838 269 171","100","FIATA members directory","https://fiata.org/directory/vn/","Freight forwarding / logistics agency","ready_for_manual_review","2026-06-09T06:56:30.074Z"
"ACTIVE LOGISTICS LIMITED","Bangladesh","","info@activelogbd.com","info@activelogbd.com","https://activelogbd.com/","","95","FIATA members directory","https://fiata.org/directory/bd/","Freight forwarding / logistics agency","ready_for_manual_review","2026-06-09T06:56:31.942Z"
"AHONA FREIGHT EXPRESS","Bangladesh","","anis@asfexp.com","anis@asfexp.com","http://www.ahonafreight.com","+880 1720 102012","95","FIATA members directory","https://fiata.org/directory/bd/","Freight forwarding / logistics agency","ready_for_manual_review","2026-06-09T06:56:31.942Z"
"AKIJ LOGISTICS LIMITED","Bangladesh","","gm.ff@akijlogistics.com","gm.ff@akijlogistics.com","https://akijresource.com/akij-logistics-limited/","+880 1325 00865","95","FIATA members directory","https://fiata.org/directory/bd/","Freight forwarding / logistics agency","ready_for_manual_review","2026-06-09T06:56:31.943Z"
"ANBE FREIGHT LIMITED","Bangladesh","","a.ahmed@anbe-bd.com","a.ahmed@anbe-bd.com","http://www.anbe-bd.com","+880 2 7912768","95","FIATA members directory","https://fiata.org/directory/bd/","Freight forwarding / logistics agency","ready_for_manual_review","2026-06-09T06:56:31.943Z"
"ANCHOR FREIGHT LIMITED","Bangladesh","","huda@afl-bd.com","huda@afl-bd.com","http://www.afl-bd.com","+880 1844 525840","95","FIATA members directory","https://fiata.org/directory/bd/","Freight forwarding / logistics agency","ready_for_manual_review","2026-06-09T06:56:31.943Z"
"APS LOGISTICS INTERNATIONAL LTD.","Bangladesh","","infobd@aps-logistics.com","infobd@aps-logistics.com","http://www.aps-logistics.com","+880 2 9858580","95","FIATA members directory","https://fiata.org/directory/bd/","Freight forwarding / logistics agency","ready_for_manual_review","2026-06-09T06:56:31.943Z"
"BADAL AND COMPANY","Bangladesh","","cusdac1@badalandco.com","cusdac1@badalandco.com","http://www.badalandco.com","+880 2 44815029","95","FIATA members directory","https://fiata.org/directory/bd/","Freight forwarding / logistics agency","ready_for_manual_review","2026-06-09T06:56:31.943Z"
"CARGO ONE LIMITED","Bangladesh","","rajaul@cargoonelimited.com","rajaul@cargoonelimited.com","http://www.cargoonelimited.com","+880 2 48957668","95","FIATA members directory","https://fiata.org/directory/bd/","Freight forwarding / logistics agency","ready_for_manual_review","2026-06-09T06:56:31.943Z"
"COAST LINK LOGISTICS","Bangladesh","","co@coastlinkbd.com","co@coastlinkbd.com","https://coastlinkbd.com/","+880 24108061920","95","FIATA members directory","https://fiata.org/directory/bd/","Freight forwarding / logistics agency","ready_for_manual_review","2026-06-09T06:56:31.943Z"
"CONVEYOR LOGISTICS LTD.","Bangladesh","","conveyor@conveyor.com.bd","conveyor@conveyor.com.bd","http://www.conveyor.com.bd","+880 2 8811817","95","FIATA members directory","https://fiata.org/directory/bd/","Freight forwarding / logistics agency","ready_for_manual_review","2026-06-09T06:56:31.943Z"
"CROSS FREIGHT LTD.","Bangladesh","","riasat.fahim@crossfreight-bd.com","riasat.fahim@crossfreight-bd.com","http://www.crossfreight-bd.com","+880 2 9889825","95","FIATA members directory","https://fiata.org/directory/bd/","Freight forwarding / logistics agency","ready_for_manual_review","2026-06-09T06:56:31.944Z"
"DART GLOBAL LOGISTICS (PVT) LTD.","Bangladesh","","infobd@dartglobal.com","infobd@dartglobal.com","http://www.dart-global.com","+880 2 8821453","95","FIATA members directory","https://fiata.org/directory/bd/","Freight forwarding / logistics agency","ready_for_manual_review","2026-06-09T06:56:31.944Z"
"EXPO FREIGHT LIMITED","Bangladesh","","bgd-dhk-finance@expofreight.com","bgd-dhk-finance@expofreight.com","http://www.expofreight.com","+880 2 9846728","95","FIATA members directory","https://fiata.org/directory/bd/","Freight forwarding / logistics agency","ready_for_manual_review","2026-06-09T06:56:31.944Z"
"FILBERT LOGISTICS LTD","Bangladesh","","mamun@filbert-logistics.com","mamun@filbert-logistics.com","https://filbert-logistics.com/","+880 2 9832529","95","FIATA members directory","https://fiata.org/directory/bd/","Freight forwarding / logistics agency","ready_for_manual_review","2026-06-09T06:56:31.944Z"
"FREIGHT MANAGEMENT LTD","Bangladesh","","ansar@fml-bd.com","ansar@fml-bd.com","http://www.fml-bd.com","+880 2 9345924","95","FIATA members directory","https://fiata.org/directory/bd/","Freight forwarding / logistics agency","ready_for_manual_review","2026-06-09T06:56:31.944Z"
"FREIGHTFIRM BD LIMITED","Bangladesh","","sabuj@freightfirm.com.bd","sabuj@freightfirm.com.bd","https://www.freightfirm.com.bd","+880 2224 470887","95","FIATA members directory","https://fiata.org/directory/bd/","Freight forwarding / logistics agency","ready_for_manual_review","2026-06-09T06:56:31.944Z"
"GEODIS BANGLADESH LIMITED","Bangladesh","","asif.newaz@geodis.com","asif.newaz@geodis.com","http://www.geodis.com","+880 2 9895778","95","FIATA members directory","https://fiata.org/directory/bd/","Freight forwarding / logistics agency","ready_for_manual_review","2026-06-09T06:56:31.944Z"
"GLOBE FORWARDING & FREIGHT LTD","Bangladesh","","adnan@gffl-move.com","adnan@gffl-move.com","http://www.gffl-move.com","+880 8952 030","95","FIATA members directory","https://fiata.org/directory/bd/","Freight forwarding / logistics agency","ready_for_manual_review","2026-06-09T06:56:31.944Z"
"HOMEBOUND PACKERS & SHIPPERS LTD.","Bangladesh","","michelle.quiah@homeboundbd.com","michelle.quiah@homeboundbd.com","http://www.homeboundbd.com","+880 2222 294745","95","FIATA members directory","https://fiata.org/directory/bd/","Freight forwarding / logistics agency","ready_for_manual_review","2026-06-09T06:56:31.944Z"
"KUEHNE + NAGEL LTD.","Bangladesh","","tanjirur.rahman@kuehne-nagel.com","tanjirur.rahman@kuehne-nagel.com","http://www.kuehne-nagel.com","+880 9612 884882","95","FIATA members directory","https://fiata.org/directory/bd/","Freight forwarding / logistics agency","ready_for_manual_review","2026-06-09T06:56:31.945Z"
"NAVANA LOGISTICS LTD.","Bangladesh","","showkat@navana-logistics.com","showkat@navana-logistics.com","http://www.navana-logistics.com","+880 2 58810836","95","FIATA members directory","https://fiata.org/directory/bd/","Freight forwarding / logistics agency","ready_for_manual_review","2026-06-09T06:56:31.945Z"
"NOVO AVIATION SERVICES LTD.","Bangladesh","","rahman@novocargo.net","rahman@novocargo.net","http://www.novoaviation.com","+880 2 8870901","95","FIATA members directory","https://fiata.org/directory/bd/","Freight forwarding / logistics agency","ready_for_manual_review","2026-06-09T06:56:31.945Z"
"RELIENCE SHIPPING AND LOGISTICS LTD.","Bangladesh","","management@rxlbd.com","management@rxlbd.com","https://www.rxlbd.com","+880 2333316684","95","FIATA members directory","https://fiata.org/directory/bd/","Freight forwarding / logistics agency","ready_for_manual_review","2026-06-09T06:56:31.945Z"
"SOUTH EAST ASIA ENTERPRISE","Bangladesh","","mominul.islam@seae-bd.com","mominul.islam@seae-bd.com","https://seae-bd.com","+880 2 48950547","95","FIATA members directory","https://fiata.org/directory/bd/","Freight forwarding / logistics agency","ready_for_manual_review","2026-06-09T06:56:31.945Z"
"UNIQUE LOGISTICS LTD","Bangladesh","","mowla@ullbd.com","mowla@ullbd.com","http://www.ullbd.com","+880 2 8870993","95","FIATA members directory","https://fiata.org/directory/bd/","Freight forwarding / logistics agency","ready_for_manual_review","2026-06-09T06:56:31.946Z"
"UNIWORLD LOGISTICS LIMITED","Bangladesh","","mahmud@wingsbangladesh.com","mahmud@wingsbangladesh.com","http://www.uniworldbd.com","+880 2 9885747","95","FIATA members directory","https://fiata.org/directory/bd/","Freight forwarding / logistics agency","ready_for_manual_review","2026-06-09T06:56:31.947Z"
"URANUS FREIGHT LOGISTICS LTD","Bangladesh","","nicholas@uranusfreight.com","nicholas@uranusfreight.com","http://www.uranusfreight.com/","+880 2 8900184","95","FIATA members directory","https://fiata.org/directory/bd/","Freight forwarding / logistics agency","ready_for_manual_review","2026-06-09T06:56:31.947Z"
"WORLD PORT LOGISTICS LTD.","Bangladesh","","vitu@wplbd.com","vitu@wplbd.com","http://www.wplbd.com","+880 2 8833901","95","FIATA members directory","https://fiata.org/directory/bd/","Freight forwarding / logistics agency","ready_for_manual_review","2026-06-09T06:56:31.947Z"
"AMBE LOGISTICS LIMITED","Bangladesh","","zahid@ambebd.com","zahid@ambebd.com","https://www.ambebd.com/","+880 1712 081893","95","FIATA members directory","https://fiata.org/directory/bd/","Freight forwarding / logistics agency","ready_for_manual_review","2026-06-09T06:56:31.947Z"
"CAMBODIA LOGISTICS ASSOCIATION - CLA","Cambodia","","secretary@cla.org.kh","secretary@cla.org.kh","http://www.cla.org.kh","+855 23 884 990","95","FIATA members directory","https://fiata.org/directory/kh/","Freight forwarding / logistics agency","ready_for_manual_review","2026-06-09T06:56:31.004Z"
"KUEHNE + NAGEL LTD.","Cambodia","","sophea.kim@kuehne-nagel.com","sophea.kim@kuehne-nagel.com","http://www.kuehne-nagel.com","+855 23 986 898","95","FIATA members directory","https://fiata.org/directory/kh/","Freight forwarding / logistics agency","ready_for_manual_review","2026-06-09T06:56:31.004Z"
"LNL (CAMBODIA) CO., LTD.","Cambodia","","info@lnlcambodia.com","info@lnlcambodia.com","http://www.lnlcambodia.com","","95","FIATA members directory","https://fiata.org/directory/kh/","Freight forwarding / logistics agency","ready_for_manual_review","2026-06-09T06:56:31.005Z"
"WORLDBRIDGE INTERNATIONAL (CAMBODIA) LTD.","Cambodia","","jering_lim@worldbridge.com.kh","jering_lim@worldbridge.com.kh","http://www.worldbridge.com.kh","+855 23 224 452","95","FIATA members directory","https://fiata.org/directory/kh/","Freight forwarding / logistics agency","ready_for_manual_review","2026-06-09T06:56:31.005Z"
"CAMAJOR CARGO CO., LTD","Cambodia","","camajor@camajorcargo.com","camajor@camajorcargo.com","https://www.camajorcargo.com/","+855 23 901 783","95","FIATA members directory","https://fiata.org/directory/kh/","Freight forwarding / logistics agency","ready_for_manual_review","2026-06-09T06:56:31.005Z"
"FAIR & EASY (CAMBODIA) CO., LTD.","Cambodia","","pnh@fairandeasy.com.kh","pnh@fairandeasy.com.kh","https://www.fairandeasy.com.kh/","+855 23 901 749","95","FIATA members directory","https://fiata.org/directory/kh/","Freight forwarding / logistics agency","ready_for_manual_review","2026-06-09T06:56:31.005Z"
"R.N.Y TRANSPORT CO., LTD","Cambodia","","pamela@rnytransport.com","pamela@rnytransport.com","https://rnytransport.com","+855 96 951 3402","95","FIATA members directory","https://fiata.org/directory/kh/","Freight forwarding / logistics agency","ready_for_manual_review","2026-06-09T06:56:31.006Z"
"SPEED LOGISTICS & TRANSPORTATION (CAMBODIA) CO., LTD.","Cambodia","","vadhana@speed2006.com","vadhana@speed2006.com","https://SPEEDLOGKH.COM","+855 12 877 168","95","FIATA members directory","https://fiata.org/directory/kh/","Freight forwarding / logistics agency","ready_for_manual_review","2026-06-09T06:56:31.006Z"
"FEDERATION OF FREIGHT FORWARDERS&#39; ASSOCIATIONS IN INDIA - FFFAI","India","","info@fffai.org","info@fffai.org","http://www.fffai.org","","95","FIATA members directory","https://fiata.org/directory/in/","Freight forwarding / logistics agency","ready_for_manual_review","2026-06-09T06:56:26.183Z"
"THE AIR CARGO AGENTS ASSOCIATION OF INDIA - ACAAI -","India","","headoffice@acaai.in","headoffice@acaai.in","http://www.acaai.in","+91 22 2202 1923","95","FIATA members directory","https://fiata.org/directory/in/","Freight forwarding / logistics agency","ready_for_manual_review","2026-06-09T06:56:26.185Z"
"A HARTRODT INDIA PRIVATE LIMITED","India","","ajay.bhatt@hartrodt.com","ajay.bhatt@hartrodt.com","http://www.hartrodt.com","+91 124 495 4050","95","FIATA members directory","https://fiata.org/directory/in/","Freight forwarding / logistics agency","ready_for_manual_review","2026-06-09T06:56:26.186Z"
"A2Z LOGISTICS INDIA PVT LTD","India","","ramesh@a2zlogistics.in","ramesh@a2zlogistics.in","http://www.a2zlogistics.in","+91 44 4558 8023","95","FIATA members directory","https://fiata.org/directory/in/","Freight forwarding / logistics agency","ready_for_manual_review","2026-06-09T06:56:26.186Z"
"AARDOUR WORLDWIDE LOGISTICS PVT LTD","India","","sandeep@aardour.com","sandeep@aardour.com","http://www.aardour.com","+91 98990 00959","95","FIATA members directory","https://fiata.org/directory/in/","Freight forwarding / logistics agency","ready_for_manual_review","2026-06-09T06:56:26.186Z"
"AARGUS GLOBAL LOGISTICS PVT. LTD.","India","","indira@aargusglobal.com","indira@aargusglobal.com","http://www.aargusglobal.com","+91 11 2506 9632","95","FIATA members directory","https://fiata.org/directory/in/","Freight forwarding / logistics agency","ready_for_manual_review","2026-06-09T06:56:26.186Z"
"AB SHIPPING AND FORWARDING PRIVATE LIMITED","India","","santosh@abshipping.in","santosh@abshipping.in","http://www.abshipping.in/","+91 11 4168 6363","95","FIATA members directory","https://fiata.org/directory/in/","Freight forwarding / logistics agency","ready_for_manual_review","2026-06-09T06:56:26.187Z"
"ABF FREIGHT INTERNATIONAL PVT. LTD.","India","","management@abffreights.com","management@abffreights.com","http://www.abffreights.com","+91 824 245 8333","95","FIATA members directory","https://fiata.org/directory/in/","Freight forwarding / logistics agency","ready_for_manual_review","2026-06-09T06:56:26.187Z"
"ABHI IMPACT LOGISTICS SOLUTIONS PRIVATE LIMITED","India","","jitendra.joshi@impact-logistics.in","jitendra.joshi@impact-logistics.in","http://www.impact-logistics.in","+91 20 6607 3050","95","FIATA members directory","https://fiata.org/directory/in/","Freight forwarding / logistics agency","ready_for_manual_review","2026-06-09T06:56:26.187Z"
"ABS LOGISTICS PVT. LTD.","India","","abhishek@abslogistics.in","abhishek@abslogistics.in","http://www.abslogistics.in","+91 11 4929 9500","95","FIATA members directory","https://fiata.org/directory/in/","Freight forwarding / logistics agency","ready_for_manual_review","2026-06-09T06:56:26.187Z"
"ABSCO LOGISTICS PRIVATE LIMITED","India","","siva@absco.in","siva@absco.in","http://www.absco.in","+91 22 2758 4657","95","FIATA members directory","https://fiata.org/directory/in/","Freight forwarding / logistics agency","ready_for_manual_review","2026-06-09T06:56:26.187Z"
"ACE EXPRESS LOGISTICS PRIVATE LIMITED","India","","asmitas@aeindia.co.in","asmitas@aeindia.co.in","http://www.aeindia.co.in","+91 90030 57855","95","FIATA members directory","https://fiata.org/directory/in/","Freight forwarding / logistics agency","ready_for_manual_review","2026-06-09T06:56:26.187Z"
"ACE FORWARDERS PVT LTD","India","","ameya@aceclearing.com","ameya@aceclearing.com","http://www.aceclearing.com","+91 22 2775 7444","95","FIATA members directory","https://fiata.org/directory/in/","Freight forwarding / logistics agency","ready_for_manual_review","2026-06-09T06:56:26.187Z"
"ADMIRAL HITEC LOGISTICS (INDIA) PRIVATE LIMITED","India","","chavan@admirallogistics.com","chavan@admirallogistics.com","http://www.admirallogistics.com","+91 40 2789 2361","95","FIATA members directory","https://fiata.org/directory/in/","Freight forwarding / logistics agency","ready_for_manual_review","2026-06-09T06:56:26.188Z"
"AEROMAR LOGISTICS (I) PVT. LTD.","India","","email-ganesh.p@aeromarlogistics.com","email-ganesh.p@aeromarlogistics.com","http://www.aeromarlogistics.com","+91 22 6617 9797","95","FIATA members directory","https://fiata.org/directory/in/","Freight forwarding / logistics agency","ready_for_manual_review","2026-06-09T06:56:26.188Z"
"AGILIS LOGISTICS INDIA LLP","India","","ds@agilisllp.in","ds@agilisllp.in","https://www.agilislogistics.in","+91 79 4007 6464","95","FIATA members directory","https://fiata.org/directory/in/","Freight forwarding / logistics agency","ready_for_manual_review","2026-06-09T06:56:26.189Z"
"AIRA CARGO SERVICES PVT LTD","India","","ho@airacargo.com","ho@airacargo.com","http://www.airacargo.com","+91 471 247 3884","95","FIATA members directory","https://fiata.org/directory/in/","Freight forwarding / logistics agency","ready_for_manual_review","2026-06-09T06:56:26.189Z"
"AIRLIFT (INDIA) PVT LTD.","India","","pakshi@airliftindia.com","pakshi@airliftindia.com","http://www.airliftindia.com","+91 22 2837 8601","95","FIATA members directory","https://fiata.org/directory/in/","Freight forwarding / logistics agency","ready_for_manual_review","2026-06-09T06:56:26.189Z"
"ALBATROSS LOGISTICS PVT. LTD.","India","","cmd@albatrosslogistix.com","cmd@albatrosslogistix.com","http://www.albatrosslogistix.com","+91 44 2855 1141","95","FIATA members directory","https://fiata.org/directory/in/","Freight forwarding / logistics agency","ready_for_manual_review","2026-06-09T06:56:26.190Z"
"ALIANCA LOGISTICS PVT. LTD.","India","","raman@aliancalogistics.com","raman@aliancalogistics.com","http://www.aliancalogistics.com","+91 11 4872 4850","95","FIATA members directory","https://fiata.org/directory/in/","Freight forwarding / logistics agency","ready_for_manual_review","2026-06-09T06:56:26.190Z"
"ALISPED INDIA PVT LTD","India","","nihar.khanolkar@alisped.co.in","nihar.khanolkar@alisped.co.in","http://www.alisped.com","+91 22 4223 5050","95","FIATA members directory","https://fiata.org/directory/in/","Freight forwarding / logistics agency","ready_for_manual_review","2026-06-09T06:56:26.190Z"
"ALL-WAYS LOGISTICS INDIA PRIVATE LIMITED","India","","management@allwayslogisticsgroup.com","management@allwayslogisticsgroup.com","http://www.allwayslogisticsgroup.com","+91 11 4747 3200","95","FIATA members directory","https://fiata.org/directory/in/","Freight forwarding / logistics agency","ready_for_manual_review","2026-06-09T06:56:26.190Z"
"ALMI SHIPPING & LOGISTICS","India","","muhammed.ali@almishipping.com","muhammed.ali@almishipping.com","http://www.almishipping.com","+91 99952 33331","95","FIATA members directory","https://fiata.org/directory/in/","Freight forwarding / logistics agency","ready_for_manual_review","2026-06-09T06:56:26.190Z"
"ALPHA KKC LOGISTICS (INDIA) PVT LTD.","India","","konark@alphakkclogistics.com","konark@alphakkclogistics.com","http://www.alphakkclogistics.com","+91 11 2574 7495","95","FIATA members directory","https://fiata.org/directory/in/","Freight forwarding / logistics agency","ready_for_manual_review","2026-06-09T06:56:26.190Z"
"AMPERSAND LOGISTICS PVT LTD","India","","amperlog@gmail.com","amperlog@gmail.com","https://amperlog.com","+91 11 4162 9495","95","FIATA members directory","https://fiata.org/directory/in/","Freight forwarding / logistics agency","ready_for_manual_review","2026-06-09T06:56:26.191Z"
"APT LOGISTICS","India","","balaiyer@aptlogistics.com","balaiyer@aptlogistics.com","https://aptlogistics.com","+91 49787803","95","FIATA members directory","https://fiata.org/directory/in/","Freight forwarding / logistics agency","ready_for_manual_review","2026-06-09T06:56:26.191Z"
"AQUATIC FREIGHTS PVT. LTD.","India","","harsimran@aquaticfreights.com","harsimran@aquaticfreights.com","http://www.aquaticfreights.com","+91 11 4055 1800","95","FIATA members directory","https://fiata.org/directory/in/","Freight forwarding / logistics agency","ready_for_manual_review","2026-06-09T06:56:26.191Z"
"ARNESH LOGISTICS LLP","India","","dilip@arnesh-logistics.com","dilip@arnesh-logistics.com","https://www.arnesh-logistics.com/","+91 98199 22809","95","FIATA members directory","https://fiata.org/directory/in/","Freight forwarding / logistics agency","ready_for_manual_review","2026-06-09T06:56:26.191Z"
"ASHAPURA LOGISTICS LTD","India","","afpl.export@ashapura.in","afpl.export@ashapura.in","https://www.ashapura.in","+91 796611115079","95","FIATA members directory","https://fiata.org/directory/in/","Freight forwarding / logistics agency","ready_for_manual_review","2026-06-09T06:56:26.191Z"
"ASIA SHIPPING INTERNATIONAL TRANSPORT PVT. LTD.","India","","amit.tandon@in-asgroup.com","amit.tandon@in-asgroup.com","http://www.asgroup-portal.com","+91 45284000","95","FIATA members directory","https://fiata.org/directory/in/","Freight forwarding / logistics agency","ready_for_manual_review","2026-06-09T06:56:26.191Z"
"ASPINWALL & CO. LTD.","India","","cochin@aspinwall.in","cochin@aspinwall.in","http://www.aspinwallgroup.com","+91 30042701","95","FIATA members directory","https://fiata.org/directory/in/","Freight forwarding / logistics agency","ready_for_manual_review","2026-06-09T06:56:26.192Z"
"ASSOCIATED CONTAINER LINE PVT. LTD","India","","atul@acl.co.in","atul@acl.co.in","http://www.acl.co.in","+91 22 5651 3000","95","FIATA members directory","https://fiata.org/directory/in/","Freight forwarding / logistics agency","ready_for_manual_review","2026-06-09T06:56:26.192Z"
"ATHARVA SHIPPING PVT LTD","India","","sachin.gavhane@atharvaship.com","sachin.gavhane@atharvaship.com","https://atharvaship.com","+91 22 2775 0025","95","FIATA members directory","https://fiata.org/directory/in/","Freight forwarding / logistics agency","ready_for_manual_review","2026-06-09T06:56:26.192Z"
"ATHENA GLOBAL LOGISTICS PRIVATE LIMITED","India","","wilfred@athena-logistics.com","wilfred@athena-logistics.com","http://www.athena-logistics.com","+91 22 4035 6200","95","FIATA members directory","https://fiata.org/directory/in/","Freight forwarding / logistics agency","ready_for_manual_review","2026-06-09T06:56:26.192Z"
"ATLAS SHIPPING SERVICES PVT. LTD.","India","","neha@atlasdecargo.com","neha@atlasdecargo.com","http://www.atlasdecargo.com","+91 11 4529 0000","95","FIATA members directory","https://fiata.org/directory/in/","Freight forwarding / logistics agency","ready_for_manual_review","2026-06-09T06:56:26.192Z"
"AVA GLOBAL LOGISTICS PVT LTD","India","","kaushal@avaglobal.in","kaushal@avaglobal.in","http://www.avaglobal.in","+91 22 4611 3302","95","FIATA members directory","https://fiata.org/directory/in/","Freight forwarding / logistics agency","ready_for_manual_review","2026-06-09T06:56:26.192Z"
"AZIMAR SHIPPING AND LOGISTICS LLP","India","","anit@azimarshipping.com","anit@azimarshipping.com","http://www.azimarshipping.com","+91 22 4266 7589","95","FIATA members directory","https://fiata.org/directory/in/","Freight forwarding / logistics agency","ready_for_manual_review","2026-06-09T06:56:26.192Z"
"ALFI (ASOSIASI LOGISTIK DAN FORWARDER INDONESIA) INDONESIAN LOGISTICS AND FORWARDERS ASSOCIATION -ILFA-","Indonesia","","secretariat@infa.or.id","secretariat@infa.or.id","http://www.ilfa.or.id","+62 811 1399 543","95","FIATA members directory","https://fiata.org/directory/id/","Freight forwarding / logistics agency","ready_for_manual_review","2026-06-09T06:56:28.144Z"
"ATT CARGO PT. ANUGERAH TANGKAS TRANSPORTINDO","Indonesia","","devi.retnosari@att-group.co.id","devi.retnosari@att-group.co.id","http://www.att-group.co.id","+62 21 55955868","95","FIATA members directory","https://fiata.org/directory/id/","Freight forwarding / logistics agency","ready_for_manual_review","2026-06-09T06:56:28.144Z"
"BGR LOGISTIK INDONESIA","Indonesia","","reza.adhitya@bgrlogistik.id","reza.adhitya@bgrlogistik.id","https://www.bgrlogistik.id","+62 856 5572 0780","95","FIATA members directory","https://fiata.org/directory/id/","Freight forwarding / logistics agency","ready_for_manual_review","2026-06-09T06:56:28.144Z"
"HELO LOGISTICS, PT","Indonesia","","irfan@helo-logistics.com","irfan@helo-logistics.com","http://www.helo-logistics.com","+62 21 8253966","95","FIATA members directory","https://fiata.org/directory/id/","Freight forwarding / logistics agency","ready_for_manual_review","2026-06-09T06:56:28.144Z"
"INTERPORT MULTI NIAGA","Indonesia","","indikamultiniaga@gmail.com","indikamultiniaga@gmail.com","http://interport.co.id/","+62 21 50711111","95","FIATA members directory","https://fiata.org/directory/id/","Freight forwarding / logistics agency","ready_for_manual_review","2026-06-09T06:56:28.144Z"
"MASAJI KARGOSENTRA TAMA, PT","Indonesia","","cholid.mubarok@samudera.id","cholid.mubarok@samudera.id","https://www.samudera.id/mkt/en","+62 622145856330","95","FIATA members directory","https://fiata.org/directory/id/","Freight forwarding / logistics agency","ready_for_manual_review","2026-06-09T06:56:28.145Z"
"P.T. CAHAYA PUNDIMAS INDONUSA","Indonesia","","support@pundimas.co.id","support@pundimas.co.id","http://www.pundimas.co.id","+62 21 6919990","95","FIATA members directory","https://fiata.org/directory/id/","Freight forwarding / logistics agency","ready_for_manual_review","2026-06-09T06:56:28.145Z"
"P.T. RITRA CARGO INDONESIA","Indonesia","","ina.pattinama@ritra.com","ina.pattinama@ritra.com","http://www.ritra.com","+62 21 7980660","95","FIATA members directory","https://fiata.org/directory/id/","Freight forwarding / logistics agency","ready_for_manual_review","2026-06-09T06:56:28.145Z"
"P.T. SUPRA RAGA TRANSPORT","Indonesia","","srt-ho@srt.co.id","srt-ho@srt.co.id","http://www.srt.co.id","+62 21 7982220","95","FIATA members directory","https://fiata.org/directory/id/","Freight forwarding / logistics agency","ready_for_manual_review","2026-06-09T06:56:28.145Z"
"P.T. ZIMMOAH MARINE TRANS","Indonesia","","biz.div@zimmoah.com","biz.div@zimmoah.com","http://www.zimmoah.com","+62 21 65311123","95","FIATA members directory","https://fiata.org/directory/id/","Freight forwarding / logistics agency","ready_for_manual_review","2026-06-09T06:56:28.145Z"
"PT ADDA MITRA GLOBAL","Indonesia","","ilham@adda-global.co.id","ilham@adda-global.co.id","https://www.adda-global.co.id","+62 24 76434004","95","FIATA members directory","https://fiata.org/directory/id/","Freight forwarding / logistics agency","ready_for_manual_review","2026-06-09T06:56:28.145Z"
"PT AIRROWES GLOBAL LOGISTIK","Indonesia","","sheila@airrowes.com","sheila@airrowes.com","http://www.airrowes.com","+62 21 66678685","95","FIATA members directory","https://fiata.org/directory/id/","Freight forwarding / logistics agency","ready_for_manual_review","2026-06-09T06:56:28.146Z"
"PT ATLANTIC CONTAINER LINI","Indonesia","","ridwan@aclindonesia.com","ridwan@aclindonesia.com","http://www.aclindonesia.com","+62 622 14509477","95","FIATA members directory","https://fiata.org/directory/id/","Freight forwarding / logistics agency","ready_for_manual_review","2026-06-09T06:56:28.146Z"
"PT DUTA CIPTA CASALOG","Indonesia","","firstmaster.dcc@gmail.com","firstmaster.dcc@gmail.com","https://fast-dcc.com/","+62 878 1881 1996","95","FIATA members directory","https://fiata.org/directory/id/","Freight forwarding / logistics agency","ready_for_manual_review","2026-06-09T06:56:28.146Z"
"PT EXIMKU LOGISTIK INDONESIA","Indonesia","","corporate@andalin.com","corporate@andalin.com","http://www.andalin.com","+62 150 986008","95","FIATA members directory","https://fiata.org/directory/id/","Freight forwarding / logistics agency","ready_for_manual_review","2026-06-09T06:56:28.147Z"
"PT KUEHNE NAGEL INDONESIA","Indonesia","","info.jakarta@kuehne-nagel.com","info.jakarta@kuehne-nagel.com","http://www.kuehne-nagel.com","+62 21 29783108","95","FIATA members directory","https://fiata.org/directory/id/","Freight forwarding / logistics agency","ready_for_manual_review","2026-06-09T06:56:28.147Z"
"PT MARUZEN SAMUDERA TAIHEIYO","Indonesia","","all.mst@samudera.id","all.mst@samudera.id","http://www.samudera.id","+62 21 25676919","95","FIATA members directory","https://fiata.org/directory/id/","Freight forwarding / logistics agency","ready_for_manual_review","2026-06-09T06:56:28.147Z"
"PT MULTI TERMINAL INDONESIA","Indonesia","","rangga@multiterminal.co.id","rangga@multiterminal.co.id","http://www.ipclogistic.co.id","+62 291 04000","95","FIATA members directory","https://fiata.org/directory/id/","Freight forwarding / logistics agency","ready_for_manual_review","2026-06-09T06:56:28.147Z"
"PT S&C MITRA ABADI","Indonesia","","sinarcargo@gmail.com","sinarcargo@gmail.com","https://www.sinarcargo.co.id/","+62 21 22443998","95","FIATA members directory","https://fiata.org/directory/id/","Freight forwarding / logistics agency","ready_for_manual_review","2026-06-09T06:56:28.147Z"
"PT SURYA FAJAR INDONESIA","Indonesia","","asteria.riri@sf-international.id","asteria.riri@sf-international.id","http://www.sf-international.id","+62 812 8269 8373","95","FIATA members directory","https://fiata.org/directory/id/","Freight forwarding / logistics agency","ready_for_manual_review","2026-06-09T06:56:28.147Z"
"PT WELL KARGO INDONESIA","Indonesia","","wellcargoindonesia@wellcargo.id","wellcargoindonesia@wellcargo.id","http://wellcargo.id","+62 821 4700 1789","95","FIATA members directory","https://fiata.org/directory/id/","Freight forwarding / logistics agency","ready_for_manual_review","2026-06-09T06:56:28.148Z"
"PT. ACCESS WORLD LOGISTICS INDONESIA","Indonesia","","freight_id@accessworld.com","freight_id@accessworld.com","https://www.accessworld.com","+62 622164700192","95","FIATA members directory","https://fiata.org/directory/id/","Freight forwarding / logistics agency","ready_for_manual_review","2026-06-09T06:56:28.148Z"
"PT. ANDALAN NIAGA EXPRESSINDO","Indonesia","","askari@anx.co.id","askari@anx.co.id","http://www.anxep.co.id","+62 21 79193178","95","FIATA members directory","https://fiata.org/directory/id/","Freight forwarding / logistics agency","ready_for_manual_review","2026-06-09T06:56:28.148Z"
"PT. ASA TRANS","Indonesia","","iwanasatranscompany@gmail.com","iwanasatranscompany@gmail.com","http://www.asatranslogistic.com","+62 622 1486184","95","FIATA members directory","https://fiata.org/directory/id/","Freight forwarding / logistics agency","ready_for_manual_review","2026-06-09T06:56:28.148Z"
"PT. DAVID BALI CARGOTAMA","Indonesia","","david@davidbalicargo.com","david@davidbalicargo.com","http://www.davidbalicargo.com","+62 812 3999 9907","95","FIATA members directory","https://fiata.org/directory/id/","Freight forwarding / logistics agency","ready_for_manual_review","2026-06-09T06:56:28.148Z"
"PT. DGL EXPEDISI INDONESIA","Indonesia","","prastiwi.indo@dartglobal.com","prastiwi.indo@dartglobal.com","https://www.dartglobal.com","+62 622129376173","95","FIATA members directory","https://fiata.org/directory/id/","Freight forwarding / logistics agency","ready_for_manual_review","2026-06-09T06:56:28.148Z"
"PT. EKSPRES SISTEM INDONESIA","Indonesia","","hrd@bestranspor.com","hrd@bestranspor.com","http://www.esindo.co.id","+62 21 56975065","95","FIATA members directory","https://fiata.org/directory/id/","Freight forwarding / logistics agency","ready_for_manual_review","2026-06-09T06:56:28.148Z"
"PT. FH BERTLING LOGISTICS INDONESIA","Indonesia","","lomrah.artajaya@bertling.com","lomrah.artajaya@bertling.com","https://www.bertling.com/","+62 21 21282137","95","FIATA members directory","https://fiata.org/directory/id/","Freight forwarding / logistics agency","ready_for_manual_review","2026-06-09T06:56:28.149Z"
"PT. FIBS PROJECT MANAGEMENT","Indonesia","","indo.admin@fibs-logistics.com","indo.admin@fibs-logistics.com","http://www.fibs-logistics.com","+62 21 25195959","95","FIATA members directory","https://fiata.org/directory/id/","Freight forwarding / logistics agency","ready_for_manual_review","2026-06-09T06:56:28.149Z"
"PT. HANSA MEYER GLOBAL INDONESIA","Indonesia","","jakarta@hansameyer-id.com","jakarta@hansameyer-id.com","http://www.hansameyer.com","+62 3905566","95","FIATA members directory","https://fiata.org/directory/id/","Freight forwarding / logistics agency","ready_for_manual_review","2026-06-09T06:56:28.149Z"
"PT. HYPER MEGA SHIPPING","Indonesia","","operations@hmsgroup.info","operations@hmsgroup.info","http://www.pthms.com","+62 623 07633","95","FIATA members directory","https://fiata.org/directory/id/","Freight forwarding / logistics agency","ready_for_manual_review","2026-06-09T06:56:28.149Z"
"PT. INTERTRANS GLOBAL LOGISTICS","Indonesia","","amd.sugiono@ptigl.co.id","amd.sugiono@ptigl.co.id","https://www.ptigl.co.id/","+62 21 22861657","95","FIATA members directory","https://fiata.org/directory/id/","Freight forwarding / logistics agency","ready_for_manual_review","2026-06-09T06:56:28.149Z"
"PT. LV LOGISTICS INDONESIA","Indonesia","","muhammad.ediansyah@lvlogistics.co.id","muhammad.ediansyah@lvlogistics.co.id","http://www.lvshipping.com","+62 21 29864401","95","FIATA members directory","https://fiata.org/directory/id/","Freight forwarding / logistics agency","ready_for_manual_review","2026-06-09T06:56:28.150Z"
"PT. MITRA WAHANA INDONESIA","Indonesia","","mitra_wahana@yahoo.co.id","mitra_wahana@yahoo.co.id","http://www.mitrawahanaindonesia.com","+62 746 39607","95","FIATA members directory","https://fiata.org/directory/id/","Freight forwarding / logistics agency","ready_for_manual_review","2026-06-09T06:56:28.150Z"
"PT. MULTIMODATRANS INDONESIA","Indonesia","","marketing@multimodatrans.co.id","marketing@multimodatrans.co.id","https://multimodatrans.com/","","95","FIATA members directory","https://fiata.org/directory/id/","Freight forwarding / logistics agency","ready_for_manual_review","2026-06-09T06:56:28.150Z"
"PT. POSANINDO SURYA INTERNASIONAL","Indonesia","","alisanto@posanindo.com","alisanto@posanindo.com","http://www.posalogistic.com","+62 21 4263256","95","FIATA members directory","https://fiata.org/directory/id/","Freight forwarding / logistics agency","ready_for_manual_review","2026-06-09T06:56:28.150Z"
"PT. SATAS TRANSPORTINDO INTERNASIONAL","Indonesia","","sti.genaffair@satas.co.id","sti.genaffair@satas.co.id","http://www.satas-indonesia.com","+62 21 7982354","95","FIATA members directory","https://fiata.org/directory/id/","Freight forwarding / logistics agency","ready_for_manual_review","2026-06-09T06:56:28.150Z"
"PT. SREE LOGISTICS INDONESIA","Indonesia","","vinita@sreelogistics.com","vinita@sreelogistics.com","http://www.sreelogistics.com","+62 21 50806560","95","FIATA members directory","https://fiata.org/directory/id/","Freight forwarding / logistics agency","ready_for_manual_review","2026-06-09T06:56:28.151Z"
"PUNINAR MSE INDONESIA, PT","Indonesia","","ksoetopo@puninarmse.com","ksoetopo@puninarmse.com","http://www.puninarmse.com","+62 21 55911500","95","FIATA members directory","https://fiata.org/directory/id/","Freight forwarding / logistics agency","ready_for_manual_review","2026-06-09T06:56:28.151Z"
"SURYA KENCANA LOGISTIK","Indonesia","","cs_admin@suryakencanalogistik.com","cs_admin@suryakencanalogistik.com","https://suryakencanalogistik.com/","+62 21 80477607","95","FIATA members directory","https://fiata.org/directory/id/","Freight forwarding / logistics agency","ready_for_manual_review","2026-06-09T06:56:28.151Z"
"FEDERATION OF MALAYSIAN FREIGHT FORWARDERS -FMFF-","Malaysia","","secretariat@fmff.net","secretariat@fmff.net","http://www.fmff.net","+60 3 3165 3082","95","FIATA members directory","https://fiata.org/directory/my/","Freight forwarding / logistics agency","ready_for_manual_review","2026-06-09T06:56:27.191Z"
"AEO FREIGHT SDN BHD","Malaysia","","rizal.abdullah@aeofreight.com","rizal.abdullah@aeofreight.com","http://www.aeofreight.com","+60 4 638 4008","95","FIATA members directory","https://fiata.org/directory/my/","Freight forwarding / logistics agency","ready_for_manual_review","2026-06-09T06:56:27.191Z"
"AGX LOGISTICS (M) SDN BHD","Malaysia","","pdorai.kul@agxlogistics.com","pdorai.kul@agxlogistics.com","http://www.agxlogistics.com","+60 3 8023 1311","95","FIATA members directory","https://fiata.org/directory/my/","Freight forwarding / logistics agency","ready_for_manual_review","2026-06-09T06:56:27.192Z"
"ARAH SUKMA SDN BHD","Malaysia","","colraju@oil-logistic.com.my","colraju@oil-logistic.com.my","http://www.oil-logistic.com.my","+60 3 7846 3103","95","FIATA members directory","https://fiata.org/directory/my/","Freight forwarding / logistics agency","ready_for_manual_review","2026-06-09T06:56:27.192Z"
"DB LOGISTICS (L) SDN BHD","Malaysia","","faizan@dblogistics-group.com.my","faizan@dblogistics-group.com.my","http://www.db-logistic.com","+60 87 413 533","95","FIATA members directory","https://fiata.org/directory/my/","Freight forwarding / logistics agency","ready_for_manual_review","2026-06-09T06:56:27.192Z"
"DIMERCO EXPRESS (M) SDN BHD","Malaysia","","accounting_dimpen@dimerco.com","accounting_dimpen@dimerco.com","http://www.dimerco.com","+60 4 643 6298","95","FIATA members directory","https://fiata.org/directory/my/","Freight forwarding / logistics agency","ready_for_manual_review","2026-06-09T06:56:27.192Z"
"FM GLOBAL LOGISTICS (M) SDN. BHD.","Malaysia","","gen@fmgloballogistics.com","gen@fmgloballogistics.com","http://www.fmgloballogistics.com","+60 3 3176 1111","95","FIATA members directory","https://fiata.org/directory/my/","Freight forwarding / logistics agency","ready_for_manual_review","2026-06-09T06:56:27.192Z"
"KGW LOGISTICS (M) SDN BHD","Malaysia","","roger@kgwlogistics.com","roger@kgwlogistics.com","http://www.kgwlogistics.com","+60 3 7842 8899","95","FIATA members directory","https://fiata.org/directory/my/","Freight forwarding / logistics agency","ready_for_manual_review","2026-06-09T06:56:27.193Z"
"KUEHNE + NAGEL SDN. BHD.","Malaysia","","info.kualalumpur@kuehne-nagel.com","info.kualalumpur@kuehne-nagel.com","http://www.kuehne-nagel.com","+60 3 7841 1280","95","FIATA members directory","https://fiata.org/directory/my/","Freight forwarding / logistics agency","ready_for_manual_review","2026-06-09T06:56:27.193Z"
"MASTER MOVERS SDN BHD","Malaysia","","accounts@mastermovers.com.my","accounts@mastermovers.com.my","http://www.mastermovers.com.my","+60 3 3323 1388","95","FIATA members directory","https://fiata.org/directory/my/","Freight forwarding / logistics agency","ready_for_manual_review","2026-06-09T06:56:27.193Z"
"MATTROY LOGISTICS (MALAYSIA) SDN BHD","Malaysia","","alex@mattroy.com.my","alex@mattroy.com.my","http://www.mattroy.com","+60 3 7832 8899","95","FIATA members directory","https://fiata.org/directory/my/","Freight forwarding / logistics agency","ready_for_manual_review","2026-06-09T06:56:27.193Z"
"MMA FREIGHT SERVICES SDN BHD","Malaysia","","irenechan@mmafrt.com.my","irenechan@mmafrt.com.my","http://www.mmafrt.com.my","+60 11 3302 2668","95","FIATA members directory","https://fiata.org/directory/my/","Freight forwarding / logistics agency","ready_for_manual_review","2026-06-09T06:56:27.193Z"
"MPC EXPRESS SDN BHD","Malaysia","","evelyn@mpcmy.com","evelyn@mpcmy.com","http://www.mpcmy.com","+60 3 3323 9388","95","FIATA members directory","https://fiata.org/directory/my/","Freight forwarding / logistics agency","ready_for_manual_review","2026-06-09T06:56:27.193Z"
"MULTI CARGO EXPRESS SDN. BHD.","Malaysia","","multimal@multicargo.my","multimal@multicargo.my","http://www.multicargo.my","+60 3 5566 2888","95","FIATA members directory","https://fiata.org/directory/my/","Freight forwarding / logistics agency","ready_for_manual_review","2026-06-09T06:56:27.193Z"
"NANYANG FORWARDING & TRANSPORT CO. (M) SDN. BHD.","Malaysia","","twtham@nftc.com.my","twtham@nftc.com.my","http://www.nftc.com.my","+60 5 254 1133","95","FIATA members directory","https://fiata.org/directory/my/","Freight forwarding / logistics agency","ready_for_manual_review","2026-06-09T06:56:27.193Z"
"NNR GLOBAL LOGISTICS (M) SDN BHD","Malaysia","","kulaccts@nnr.com.my","kulaccts@nnr.com.my","http://www.nnr.com.my","+60 3 7877 8833","95","FIATA members directory","https://fiata.org/directory/my/","Freight forwarding / logistics agency","ready_for_manual_review","2026-06-09T06:56:27.194Z"
"PASIR GUDANG FORWARDING (M) SDN BHD","Malaysia","","jitchien@pgship.com.my","jitchien@pgship.com.my","http://www.pgship.com.my","+60 7 355 7873","95","FIATA members directory","https://fiata.org/directory/my/","Freight forwarding / logistics agency","ready_for_manual_review","2026-06-09T06:56:27.194Z"
"PKT CONSOLIDATION SERVICES (M) SDN. BHD.","Malaysia","","yongpk@pktgroup.com","yongpk@pktgroup.com","http://www.pktgroup.com","+60 3 5161 8111","95","FIATA members directory","https://fiata.org/directory/my/","Freight forwarding / logistics agency","ready_for_manual_review","2026-06-09T06:56:27.194Z"
"PRIORITY CARGO SDN BHD","Malaysia","","aimee@prioritygroup.com.my","aimee@prioritygroup.com.my","https://www.prioritygroup.com.my","+60 12 474 6889","95","FIATA members directory","https://fiata.org/directory/my/","Freight forwarding / logistics agency","ready_for_manual_review","2026-06-09T06:56:27.194Z"
"SILK EXPRESS FREIGHT (M) S/B","Malaysia","","bk@silkexp.com.my","bk@silkexp.com.my","http://www.silk.com.sg","+60 3 8063 8818","95","FIATA members directory","https://fiata.org/directory/my/","Freight forwarding / logistics agency","ready_for_manual_review","2026-06-09T06:56:27.194Z"
"TRANSCARGO WORLDWIDE (M) SDN BHD","Malaysia","","keong@transcargo.com.my","keong@transcargo.com.my","http://www.transcargo.com.my","+60 3 3325 2118","95","FIATA members directory","https://fiata.org/directory/my/","Freight forwarding / logistics agency","ready_for_manual_review","2026-06-09T06:56:27.195Z"
"VESCO-MTO (M) SDN. BHD.","Malaysia","","mohan@vescomto.com.my","mohan@vescomto.com.my","http://www.vescomto.com.my","+60 3 8051 5174","95","FIATA members directory","https://fiata.org/directory/my/","Freight forwarding / logistics agency","ready_for_manual_review","2026-06-09T06:56:27.195Z"
"WENZEL LOGISTICS (M) SDN BHD","Malaysia","","accounts@wenzel.com.my","accounts@wenzel.com.my","http://www.wenzel-logistics.com.my","+60 3 3325 1998","95","FIATA members directory","https://fiata.org/directory/my/","Freight forwarding / logistics agency","ready_for_manual_review","2026-06-09T06:56:27.195Z"
"VELOCE GLOBAL LOGISTICS SDN BHD","Malaysia","","accounts@veloceglobal.net","accounts@veloceglobal.net","https://www.veloceglobal.net","+60 3 2202 3806","95","FIATA members directory","https://fiata.org/directory/my/","Freight forwarding / logistics agency","ready_for_manual_review","2026-06-09T06:56:27.195Z"
"GLOBE TRANS WORLDWIDE MOVERS (M) SDN BHD","Malaysia","","sales@globetrs.com","sales@globetrs.com","http://www.globetrs.com","","95","FIATA members directory","https://fiata.org/directory/my/","Freight forwarding / logistics agency","ready_for_manual_review","2026-06-09T06:56:27.195Z"
"PM ACCESS WORLD MALAYSIA SDN BHD","Malaysia","","freight_my@accessworld.com","freight_my@accessworld.com","https://www.accessworld.com/","+60 3 5022 2755","95","FIATA members directory","https://fiata.org/directory/my/","Freight forwarding / logistics agency","ready_for_manual_review","2026-06-09T06:56:27.195Z"
"BEAGLE CARGO FORWARDERS CORPORATION","Philippines","","patrick@beaglecargo.com.ph","patrick@beaglecargo.com.ph","http://beaglecargo.com","+63 999 998 2259","95","FIATA members directory","https://fiata.org/directory/ph/","Freight forwarding / logistics agency","ready_for_manual_review","2026-06-09T06:56:29.071Z"
"CATALYST LOGISTICS INC","Philippines","","rlagmay@catalyst.ictsi.com","rlagmay@catalyst.ictsi.com","https://www.ictsi.com/","+63 920 980 1076","95","FIATA members directory","https://fiata.org/directory/ph/","Freight forwarding / logistics agency","ready_for_manual_review","2026-06-09T06:56:29.071Z"
"CONTAINER BRIDGE PHILIPPINES INC.","Philippines","","melissa.matienzo@cbpi.com.ph","melissa.matienzo@cbpi.com.ph","https://www.cbpi.com.ph","+63 920 954 3374","95","FIATA members directory","https://fiata.org/directory/ph/","Freight forwarding / logistics agency","ready_for_manual_review","2026-06-09T06:56:29.071Z"
"D&#39;EXCEL INTERNATIONAL FORWARDER INC.","Philippines","","jhreyes@d-excel.com.ph","jhreyes@d-excel.com.ph","https://www.d-excel.com.ph","+63 2 7987 5553","95","FIATA members directory","https://fiata.org/directory/ph/","Freight forwarding / logistics agency","ready_for_manual_review","2026-06-09T06:56:29.071Z"
"JRS BUSINESS CORPORATION","Philippines","","c.lanzarrote@jrs-express.com.ph","c.lanzarrote@jrs-express.com.ph","https://www.jrs-express.com","+63 2 8634 9496","95","FIATA members directory","https://fiata.org/directory/ph/","Freight forwarding / logistics agency","ready_for_manual_review","2026-06-09T06:56:29.071Z"
"STAMM INTERNATIONAL INC.","Philippines","","stamm@stamm.com.ph","stamm@stamm.com.ph","http://www.stamm.com.ph","+63 2 8843 5521","95","FIATA members directory","https://fiata.org/directory/ph/","Freight forwarding / logistics agency","ready_for_manual_review","2026-06-09T06:56:29.072Z"
"VIETNAM LOGISTICS BUSINESS ASSOCIATION - VLA","Vietnam","","support@vla.com.vn","support@vla.com.vn","http://www.vla.com.vn","+84 28 3943 3045","95","FIATA members directory","https://fiata.org/directory/vn/","Freight forwarding / logistics agency","ready_for_manual_review","2026-06-09T06:56:30.068Z"
"8 FREIGHT VIETNAM COMPANY LIMITED","Vietnam","","vietnam@8-freight.net","vietnam@8-freight.net","https://8-freight.net/","+84 28 3535 8200","95","FIATA members directory","https://fiata.org/directory/vn/","Freight forwarding / logistics agency","ready_for_manual_review","2026-06-09T06:56:30.068Z"
"AAAS LOGISTICS SERVICES COMPANY LTD. (AAAS VIET NAM)","Vietnam","","overseas@aaaslogistics.com","overseas@aaaslogistics.com","http://www.aaavietnam.com","+84 88209536","95","FIATA members directory","https://fiata.org/directory/vn/","Freight forwarding / logistics agency","ready_for_manual_review","2026-06-09T06:56:30.068Z"
"ABILITY LOGISTICS COMPANY LIMITED","Vietnam","","ricky@ability.com.vn","ricky@ability.com.vn","http://www.ability.com.vn","+84 939 112 368","95","FIATA members directory","https://fiata.org/directory/vn/","Freight forwarding / logistics agency","ready_for_manual_review","2026-06-09T06:56:30.068Z"
"ACT MULTINATIONAL TRANSPORTATION LOGISTICS JOINT STOCK COMPANY","Vietnam","","john.nguyen@actlogistics.vn","john.nguyen@actlogistics.vn","http://www.actlogistics.vn","+84 37226565","95","FIATA members directory","https://fiata.org/directory/vn/","Freight forwarding / logistics agency","ready_for_manual_review","2026-06-09T06:56:30.068Z"
"ADVANCE TRADE AND ASSOCIATION COMPANY LIMITED","Vietnam","","alex@atrasco.vn","alex@atrasco.vn","http://www.atrasco.vn","+84 838 269 033","95","FIATA members directory","https://fiata.org/directory/vn/","Freight forwarding / logistics agency","ready_for_manual_review","2026-06-09T06:56:30.069Z"
"AMERASIAN SHIPPING LOGISTICS CORPORATION","Vietnam","","cindy@aslgroup.com.vn","cindy@aslgroup.com.vn","http://www.asl-corp.com","+84 835 129 759","95","FIATA members directory","https://fiata.org/directory/vn/","Freight forwarding / logistics agency","ready_for_manual_review","2026-06-09T06:56:30.069Z"
"ANDASHUN AMAZING LOGISTICS (VIETNAM) CO., LTD","Vietnam","","adsseafreight@adssupplychain.com","adsseafreight@adssupplychain.com","https://www.ads-logistics.com/","+84 28 3620 0918","95","FIATA members directory","https://fiata.org/directory/vn/","Freight forwarding / logistics agency","ready_for_manual_review","2026-06-09T06:56:30.069Z"
"ASIATRANS VIETNAM","Vietnam","","biz@asiatrans.biz","biz@asiatrans.biz","http://www.asiatrans.com.vn","+84 8945780079","95","FIATA members directory","https://fiata.org/directory/vn/","Freight forwarding / logistics agency","ready_for_manual_review","2026-06-09T06:56:30.070Z"
"AT ASIA CO., LTD","Vietnam","","hangpt@atasia.vn","hangpt@atasia.vn","http://www.atasia.com.vn","+84 24 3941 3868","95","FIATA members directory","https://fiata.org/directory/vn/","Freight forwarding / logistics agency","ready_for_manual_review","2026-06-09T06:56:30.070Z"
"ATAM INTERNATIONAL GROUP","Vietnam","","brian@atamigroup.com","brian@atamigroup.com","http://www.atamigroup.com","+84 24 3650 2525","95","FIATA members directory","https://fiata.org/directory/vn/","Freight forwarding / logistics agency","ready_for_manual_review","2026-06-09T06:56:30.070Z"
"CARGOTECH CO., LTD","Vietnam","","hanh.nguyen@cargotech.com.vn","hanh.nguyen@cargotech.com.vn","https://cargotech.com.vn/","+84 907 393 048","95","FIATA members directory","https://fiata.org/directory/vn/","Freight forwarding / logistics agency","ready_for_manual_review","2026-06-09T06:56:30.070Z"
"CCT WORLDWIDE (VIETNAM) COMPANY LIMITED","Vietnam","","cctvietnam@cctowrldwideltd.com.vn","cctvietnam@cctowrldwideltd.com.vn","https://cctworldwidelogistics.com/","+84 28 7307 3299","95","FIATA members directory","https://fiata.org/directory/vn/","Freight forwarding / logistics agency","ready_for_manual_review","2026-06-09T06:56:30.070Z"
"CENTURY FORWARDING SERVICES COMPANY LIMITED","Vietnam","","chien@cfs.com.vn","chien@cfs.com.vn","http://www.cfs.com.vn","+84 822 250 704","95","FIATA members directory","https://fiata.org/directory/vn/","Freight forwarding / logistics agency","ready_for_manual_review","2026-06-09T06:56:30.071Z"
"CHAU LUC CO. LTD","Vietnam","","quynh@worldfreightvn.com","quynh@worldfreightvn.com","http://www.worldfreightvn.com","+84 24356425141516","95","FIATA members directory","https://fiata.org/directory/vn/","Freight forwarding / logistics agency","ready_for_manual_review","2026-06-09T06:56:30.071Z"
"CONG TY CO PHAN LOGISTICS VINALINK","Vietnam","","headoffice@vinalinklogistics.com","headoffice@vinalinklogistics.com","http://www.vinalinklogistics.com","+84 28 3991 9259","95","FIATA members directory","https://fiata.org/directory/vn/","Freight forwarding / logistics agency","ready_for_manual_review","2026-06-09T06:56:30.071Z"
"CTX INTERNATIONAL LOGISTICS JSC","Vietnam","","overseas@ctxinternational.com","overseas@ctxinternational.com","https://ctxinternational.com/","+84 24 7307 6262","95","FIATA members directory","https://fiata.org/directory/vn/","Freight forwarding / logistics agency","ready_for_manual_review","2026-06-09T06:56:30.071Z"
"CUCHI SHIPPING CO., LTD","Vietnam","","ndtuan@cuchishipping.com.vn","ndtuan@cuchishipping.com.vn","http://www.cuchishipping.com.vn","+84 838 248 301","95","FIATA members directory","https://fiata.org/directory/vn/","Freight forwarding / logistics agency","ready_for_manual_review","2026-06-09T06:56:30.071Z"
"DGS LOGISTICS CO. LTD","Vietnam","","lilytram.tran@dgs.com.vn","lilytram.tran@dgs.com.vn","http://www.dgs.com.vn","+84 28 6290 2008","95","FIATA members directory","https://fiata.org/directory/vn/","Freight forwarding / logistics agency","ready_for_manual_review","2026-06-09T06:56:30.071Z"
"DONG BAC TRANSPORTATION AND INVESTMENT CO., LTD","Vietnam","","huyen.dt@dobacohph.com","huyen.dt@dobacohph.com","http://www.dobacohph.com","+84 225 6264 111","95","FIATA members directory","https://fiata.org/directory/vn/","Freight forwarding / logistics agency","ready_for_manual_review","2026-06-09T06:56:30.071Z"
"DRAGON LOGISTICS CO., LTD.","Vietnam","","thangad@draco.com.vn","thangad@draco.com.vn","http://www.draco.com.vn","+84 24 3881 2488","95","FIATA members directory","https://fiata.org/directory/vn/","Freight forwarding / logistics agency","ready_for_manual_review","2026-06-09T06:56:30.072Z"
"DTK LOGISTICS SOLUTIONS LIMITED LIABILITY COMPANY","Vietnam","","account@dtklogistics.net","account@dtklogistics.net","http://www.dtk.vn/","+84 28 3899 8880","95","FIATA members directory","https://fiata.org/directory/vn/","Freight forwarding / logistics agency","ready_for_manual_review","2026-06-09T06:56:30.072Z"
"DUCKBILL DIGITAL SUPPLY CHAIN MANAGEMENT HO CHI MINH COMPANY LIMITED","Vietnam","","hani@duckbillscm.com","hani@duckbillscm.com","https://en.duckbillscm.com/","+84 966 302 344","95","FIATA members directory","https://fiata.org/directory/vn/","Freight forwarding / logistics agency","ready_for_manual_review","2026-06-09T06:56:30.072Z"
"ECX GLOBAL GLOBAL LOGISTICS (VIETNAM)","Vietnam","","lynn.nguyen@eurocargo.vn","lynn.nguyen@eurocargo.vn","https://www.eurocargo.com","+84 28 7309 2226","95","FIATA members directory","https://fiata.org/directory/vn/","Freight forwarding / logistics agency","ready_for_manual_review","2026-06-09T06:56:30.072Z"
"FAROX INTERNATIONAL CO., LTD","Vietnam","","hazardtran@farox-global.com","hazardtran@farox-global.com","http://www.farox-global.com","+84 225 3142 325","95","FIATA members directory","https://fiata.org/directory/vn/","Freight forwarding / logistics agency","ready_for_manual_review","2026-06-09T06:56:30.072Z"
"FDI CO. LTD","Vietnam","","fdinetwork@fdivn.com","fdinetwork@fdivn.com","http://www.fdivn.com","+84 839 977 779","95","FIATA members directory","https://fiata.org/directory/vn/","Freight forwarding / logistics agency","ready_for_manual_review","2026-06-09T06:56:30.072Z"
"GALAXY EXPRESS JOINT STOCK COMPANY","Vietnam","","anniele@galaxyexpress.vn","anniele@galaxyexpress.vn","http://www.galaxyexpress.vn","+84 8230097","95","FIATA members directory","https://fiata.org/directory/vn/","Freight forwarding / logistics agency","ready_for_manual_review","2026-06-09T06:56:30.073Z"
"GEMADEPT LOGISTICS CO., LTD","Vietnam","","haodk@gemadept.com.vn","haodk@gemadept.com.vn","http://www.gemadept.com.vn","+84 838 279 288","95","FIATA members directory","https://fiata.org/directory/vn/","Freight forwarding / logistics agency","ready_for_manual_review","2026-06-09T06:56:30.073Z"
"GLOBAL LOGISTICS & TRADING COMPANY LIMITED","Vietnam","","longpv@worldship.com.vn","longpv@worldship.com.vn","http://www.worldship.com.vn/","+84 436228936","95","FIATA members directory","https://fiata.org/directory/vn/","Freight forwarding / logistics agency","ready_for_manual_review","2026-06-09T06:56:30.073Z"
"GLOBAL LOGISTICS AND TRANSPORT LIMITED COMPANY","Vietnam","","oversea@glotransvn.com.vn","oversea@glotransvn.com.vn","http://www.glotransvn.com.vn","+84 225 3836 599","95","FIATA members directory","https://fiata.org/directory/vn/","Freight forwarding / logistics agency","ready_for_manual_review","2026-06-09T06:56:30.073Z"
"GOEX TRANSPORT & LOGISTICS JSC","Vietnam","","khanh.mac@goexgroup.com","khanh.mac@goexgroup.com","http://goexgroup.com/","+84 28 3535 3375","95","FIATA members directory","https://fiata.org/directory/vn/","Freight forwarding / logistics agency","ready_for_manual_review","2026-06-09T06:56:30.073Z"
"GOLDEN OSPREYS LOGISTICS CO.,LTD","Vietnam","","helen_minhhang@golospreys.com","helen_minhhang@golospreys.com","http://www.golospreys.com","+84 28 2210 6868","95","FIATA members directory","https://fiata.org/directory/vn/","Freight forwarding / logistics agency","ready_for_manual_review","2026-06-09T06:56:30.073Z"
"GREEN SEA TRANSPORT LOGISTICS CO., LTD","Vietnam","","exp.hp@greensea.vn","exp.hp@greensea.vn","http://www.Greensea.vn","+84 225 3739 169","95","FIATA members directory","https://fiata.org/directory/vn/","Freight forwarding / logistics agency","ready_for_manual_review","2026-06-09T06:56:30.073Z"
"HAI KHANH FREIGHT FORWARDERS JOINT STOCK COMPANY","Vietnam","","rnd.hq@haikhanh.com","rnd.hq@haikhanh.com","http://www.haikhanh.com","+84 313 686 052","95","FIATA members directory","https://fiata.org/directory/vn/","Freight forwarding / logistics agency","ready_for_manual_review","2026-06-09T06:56:30.073Z"
"HAI MINH LOGISTICS CO., LTD","Vietnam","","hml@haiminhlogistics.com","hml@haiminhlogistics.com","http://www.haiminhlogistics.com","+84 28540281438144","95","FIATA members directory","https://fiata.org/directory/vn/","Freight forwarding / logistics agency","ready_for_manual_review","2026-06-09T06:56:30.074Z"
"HANH AN LOGISTICS AND TRADING CO., LTD","Vietnam","","ha@halogistics.com.vn","ha@halogistics.com.vn","http://www.hanhanlogistics.com","+84 85125259","95","FIATA members directory","https://fiata.org/directory/vn/","Freight forwarding / logistics agency","ready_for_manual_review","2026-06-09T06:56:30.074Z"
"HL SHIPPING","Vietnam","","thanhtc@hlshipping.com","thanhtc@hlshipping.com","https://www.hlshipping.com","+84 903 309 909","95","FIATA members directory","https://fiata.org/directory/vn/","Freight forwarding / logistics agency","ready_for_manual_review","2026-06-09T06:56:30.074Z"
"HOA PHAT INTERNATIONAL LOGISTICS COMPANY LIMITED","Vietnam","","quynh@hphlogistics.vn","quynh@hphlogistics.vn","http://www.hphlogisitcs.vn","+84 973 215 060","95","FIATA members directory","https://fiata.org/directory/vn/","Freight forwarding / logistics agency","ready_for_manual_review","2026-06-09T06:56:30.074Z"
"I-LOGIS VIETNAM COMPANY LIMITED","Vietnam","","narci@i-logisvietnam.com","narci@i-logisvietnam.com","https://i-logisvietnam.com/","+84 903 177 618","95","FIATA members directory","https://fiata.org/directory/vn/","Freight forwarding / logistics agency","ready_for_manual_review","2026-06-09T06:56:30.074Z"
"IN DO TRANS LOGISTICS CORPORATION","Vietnam","","ivy.ngan@itlvn.com","ivy.ngan@itlvn.com","http://www.itlvn.com","+84 88488567","95","FIATA members directory","https://fiata.org/directory/vn/","Freight forwarding / logistics agency","ready_for_manual_review","2026-06-09T06:56:30.074Z"
"INTERCHAINS JSC","Vietnam","","nam.hoang@interchains.vn","nam.hoang@interchains.vn","https://interchains.vn/","+84 763 585 678","95","FIATA members directory","https://fiata.org/directory/vn/","Freight forwarding / logistics agency","ready_for_manual_review","2026-06-09T06:56:30.074Z"
"INTERNATIONAL LOGISTICS CORPORATION (INTERLOG CORP)","Vietnam","","thanhnx@interlogistics.com.vn","thanhnx@interlogistics.com.vn","http://www.interlogistics.com.vn","+84 839 435 899","95","FIATA members directory","https://fiata.org/directory/vn/","Freight forwarding / logistics agency","ready_for_manual_review","2026-06-09T06:56:30.075Z"
"ISOLUTION LOGISTICS JOINT STOCK COMPANY","Vietnam","","haptm@isolutionlogistics.vn","haptm@isolutionlogistics.vn","http://isolutionlogistics.vn","+84 913 457 003","95","FIATA members directory","https://fiata.org/directory/vn/","Freight forwarding / logistics agency","ready_for_manual_review","2026-06-09T06:56:30.075Z"
"ITL FREIGHT MANAGEMENT JOINT STOCK COMPANY","Vietnam","","mira.quyen@itlvn.com","mira.quyen@itlvn.com","https://itlvn.com/","+84 898 148 614","95","FIATA members directory","https://fiata.org/directory/vn/","Freight forwarding / logistics agency","ready_for_manual_review","2026-06-09T06:56:30.075Z"
"JAS VIET NAM CO., LTD","Vietnam","","vn-adm@jas.com","vn-adm@jas.com","http://www.jas.com","+84 28 3948 7799","95","FIATA members directory","https://fiata.org/directory/vn/","Freight forwarding / logistics agency","ready_for_manual_review","2026-06-09T06:56:30.075Z"
"WAC LOGISTICS LIMITED","Bangladesh","","admin@wacbangladesh.com","admin@wacbangladesh.com","","+880 2 8827610","90","FIATA members directory","https://fiata.org/directory/bd/","Freight forwarding / logistics agency","ready_for_manual_review","2026-06-09T06:56:31.947Z"
"PT. KALIMAYA TRANSPORT INDONESIA","Indonesia","","admin@kalimayatrans.com","admin@kalimayatrans.com","","+62 31 99095897","90","FIATA members directory","https://fiata.org/directory/id/","Freight forwarding / logistics agency","ready_for_manual_review","2026-06-09T06:56:28.149Z"
"PT. OTODA SUKSES MANDIRI KARGO","Indonesia","","juberlansihite@osmacargo.com","juberlansihite@osmacargo.com","http://www.osmacargo.com","","90","FIATA members directory","https://fiata.org/directory/id/","Freight forwarding / logistics agency","ready_for_manual_review","2026-06-09T06:56:28.150Z"
"PT. WSINDO GLOBAL LOGISTIK","Indonesia","","wgl@wsindo.net","wgl@wsindo.net","https://wsindo.net/","","90","FIATA members directory","https://fiata.org/directory/id/","Freight forwarding / logistics agency","ready_for_manual_review","2026-06-09T06:56:28.151Z"
"MULTI FREIGHT LIMITED","Bangladesh","","mowla@multifreight.net","mowla@multifreight.net","","+880 2 8870932","85","FIATA members directory","https://fiata.org/directory/bd/","Freight forwarding / logistics agency","ready_for_manual_review","2026-06-09T06:56:31.945Z"
"OCEAN LOGISTICS LIMITED","Bangladesh","","amar@ollbd.com","amar@ollbd.com","","+880 1332 806160","85","FIATA members directory","https://fiata.org/directory/bd/","Freight forwarding / logistics agency","ready_for_manual_review","2026-06-09T06:56:31.945Z"
"THOMAS INTERNATIONAL SERVICES CO., LTD","Cambodia","","chamnab@thomas-cambodia.com","chamnab@thomas-cambodia.com","","+855 23 993 081","85","FIATA members directory","https://fiata.org/directory/kh/","Freight forwarding / logistics agency","ready_for_manual_review","2026-06-09T06:56:31.005Z"
"TRIUMPH LINK LOGISTICS (CAMBODIA) CO., LTD.","Cambodia","","fiata.pnh@triumphlink.asia","fiata.pnh@triumphlink.asia","","+855 23 885 631","85","FIATA members directory","https://fiata.org/directory/kh/","Freight forwarding / logistics agency","ready_for_manual_review","2026-06-09T06:56:31.005Z"
"EXPOLANKA FREIGHT (CAMBODIA) LTD","Cambodia","","muzakkirn@efl.global","muzakkirn@efl.global","","+855 88 999 2783","85","FIATA members directory","https://fiata.org/directory/kh/","Freight forwarding / logistics agency","ready_for_manual_review","2026-06-09T06:56:31.005Z"
"3VB SHIPPTRANS","India","","vishal@3vbshipptrans.com","vishal@3vbshipptrans.com","","+91 84011 11655","85","FIATA members directory","https://fiata.org/directory/in/","Freight forwarding / logistics agency","ready_for_manual_review","2026-06-09T06:56:26.186Z"
"A R SHIPPING AGENCY PVT. LTD.","India","","accounts@gclshipping.com","accounts@gclshipping.com","","+91 11 2621 1077","85","FIATA members directory","https://fiata.org/directory/in/","Freight forwarding / logistics agency","ready_for_manual_review","2026-06-09T06:56:26.186Z"
"ACCEL TRANSPORT AND LOGISTICS","India","","paul@accel-tl.com","paul@accel-tl.com","","+91 44 4323 8060","85","FIATA members directory","https://fiata.org/directory/in/","Freight forwarding / logistics agency","ready_for_manual_review","2026-06-09T06:56:26.187Z"
"ACTIVAIR AIRFREIGHT INDIA PRIVATE LIMITED","India","","activair@activair.in","activair@activair.in","","+91 11 2460 2293","85","FIATA members directory","https://fiata.org/directory/in/","Freight forwarding / logistics agency","ready_for_manual_review","2026-06-09T06:56:26.188Z"
"ADITYA CUSTOM CLEARING PVT LTD","India","","mandar@adityacustomclearing.com","mandar@adityacustomclearing.com","","+91 731 403 8756","85","FIATA members directory","https://fiata.org/directory/in/","Freight forwarding / logistics agency","ready_for_manual_review","2026-06-09T06:56:26.188Z"
"AEL GLOBAL LOGISTICS PRIVATE LIMITED","India","","vijay@actionexpress.co.in","vijay@actionexpress.co.in","","+91 88884 86677","85","FIATA members directory","https://fiata.org/directory/in/","Freight forwarding / logistics agency","ready_for_manual_review","2026-06-09T06:56:26.188Z"
"AFFORD FREIGHT SERVICES PRIVATE LIMITED","India","","accounts@afford.co.in","accounts@afford.co.in","","+91 98191 35528","85","FIATA members directory","https://fiata.org/directory/in/","Freight forwarding / logistics agency","ready_for_manual_review","2026-06-09T06:56:26.188Z"
"AKS GLOBAL LOGISTICS (OPC) PRIVATE LIMITED","India","","ciril@aksglobal.com","ciril@aksglobal.com","","+91 82812 95119","85","FIATA members directory","https://fiata.org/directory/in/","Freight forwarding / logistics agency","ready_for_manual_review","2026-06-09T06:56:26.190Z"
"ALONSO LOGISTICS INDIA PRIVATE LIMITED","India","","jairam@alonso-india.com","jairam@alonso-india.com","","+91 22 4566 5800","85","FIATA members directory","https://fiata.org/directory/in/","Freight forwarding / logistics agency","ready_for_manual_review","2026-06-09T06:56:26.190Z"
"ALPHA SEA AND AIR PVT. LTD.","India","","avinash@alphadelhi.com","avinash@alphadelhi.com","","+91 11 4930 4930","85","FIATA members directory","https://fiata.org/directory/in/","Freight forwarding / logistics agency","ready_for_manual_review","2026-06-09T06:56:26.190Z"
"ASR EXPRESS PVT LTD","India","","arun@asrepl.com","arun@asrepl.com","","+91 124 266 3088","85","FIATA members directory","https://fiata.org/directory/in/","Freight forwarding / logistics agency","ready_for_manual_review","2026-06-09T06:56:26.192Z"
"B.G. SOMADDER & SONS PVT. LTD.","India","","mail@bgsomadder.com","mail@bgsomadder.com","","+91 33 2223 0069","85","FIATA members directory","https://fiata.org/directory/in/","Freight forwarding / logistics agency","ready_for_manual_review","2026-06-09T06:56:26.193Z"
"P.T. HANKYU HANSHIN EXPRESS INDONESIA","Indonesia","","ga@id.hh-express.com","ga@id.hh-express.com","","+62 21 55911239","85","FIATA members directory","https://fiata.org/directory/id/","Freight forwarding / logistics agency","ready_for_manual_review","2026-06-09T06:56:28.145Z"
"P.T. INDOSPED MAJU SEJAHTERA","Indonesia","","indosped@cbn.net.id","indosped@cbn.net.id","","+62 21 6302466","85","FIATA members directory","https://fiata.org/directory/id/","Freight forwarding / logistics agency","ready_for_manual_review","2026-06-09T06:56:28.145Z"
"P.T. SILKARGO INDONESIA","Indonesia","","rahman@silkargo.sig.co.id","rahman@silkargo.sig.co.id","","+62 21 50989241","85","FIATA members directory","https://fiata.org/directory/id/","Freight forwarding / logistics agency","ready_for_manual_review","2026-06-09T06:56:28.145Z"
"PT WELGROW INDOPERSADA","Indonesia","","vivi@welgrow.co.id","vivi@welgrow.co.id","","+62 622116306638","85","FIATA members directory","https://fiata.org/directory/id/","Freight forwarding / logistics agency","ready_for_manual_review","2026-06-09T06:56:28.147Z"
"PT YUSEN LOGISTICS INDONESIA","Indonesia","","roria.magdalena@id.yusen-logistics.com","roria.magdalena@id.yusen-logistics.com","","+62 21 8981020","85","FIATA members directory","https://fiata.org/directory/id/","Freight forwarding / logistics agency","ready_for_manual_review","2026-06-09T06:56:28.148Z"
"PT. BINTANG TRANS LAUTAN LOGISTIK","Indonesia","","admin1@btll.co.id","admin1@btll.co.id","","+62 813 1538 2899","85","FIATA members directory","https://fiata.org/directory/id/","Freight forwarding / logistics agency","ready_for_manual_review","2026-06-09T06:56:28.148Z"
"PT. MAXIMOS GLOBAL LOGISTIK","Indonesia","","agus.supriatna@maximos.co.id","agus.supriatna@maximos.co.id","","+62 21 22976868","85","FIATA members directory","https://fiata.org/directory/id/","Freight forwarding / logistics agency","ready_for_manual_review","2026-06-09T06:56:28.150Z"
"BOUSTEAD SHIPPING AGENCIES SDN BHD","Malaysia","","saif@bousteadshipping.com.my","saif@bousteadshipping.com.my","","+60 13 578 3367","85","FIATA members directory","https://fiata.org/directory/my/","Freight forwarding / logistics agency","ready_for_manual_review","2026-06-09T06:56:27.192Z"
"FREIGHT TEAM (M) SDN BHD","Malaysia","","transhipment@freightteam.com.my","transhipment@freightteam.com.my","","+60 35821288","85","FIATA members directory","https://fiata.org/directory/my/","Freight forwarding / logistics agency","ready_for_manual_review","2026-06-09T06:56:27.192Z"
"INTEROCEAN FREIGHT SERVICES SDN BHD","Malaysia","","teh@interocean.com.my","teh@interocean.com.my","","+60 3 7492 1288","85","FIATA members directory","https://fiata.org/directory/my/","Freight forwarding / logistics agency","ready_for_manual_review","2026-06-09T06:56:27.192Z"
"KFS SHIPPING SDN BHD","Malaysia","","acc@kfsshipping.com","acc@kfsshipping.com","","+60 7 255 7690","85","FIATA members directory","https://fiata.org/directory/my/","Freight forwarding / logistics agency","ready_for_manual_review","2026-06-09T06:56:27.193Z"
"SEABRIDGE INTERNATIONAL SDN BHD","Malaysia","","cs_support@fw-g.com.my","cs_support@fw-g.com.my","","+60 3 8881 1688","85","FIATA members directory","https://fiata.org/directory/my/","Freight forwarding / logistics agency","ready_for_manual_review","2026-06-09T06:56:27.194Z"
"SP ECO-LINK SDN. BHD.","Malaysia","","chai@specolink.com","chai@specolink.com","","+60 4 818 3123","85","FIATA members directory","https://fiata.org/directory/my/","Freight forwarding / logistics agency","ready_for_manual_review","2026-06-09T06:56:27.194Z"
"WORLD COMMERCE FREIGHT SERVICES SDN BHD","Malaysia","","mervin.lim@worldcommerce.com.my","mervin.lim@worldcommerce.com.my","","+60 3 3166 1298","85","FIATA members directory","https://fiata.org/directory/my/","Freight forwarding / logistics agency","ready_for_manual_review","2026-06-09T06:56:27.195Z"
"CARGO-PARTNER LOGISTICS (VIETNAM) CO., LTD","Vietnam","","linh.luong@cargo-partner.com","linh.luong@cargo-partner.com","","+84 28 3997 2365","85","FIATA members directory","https://fiata.org/directory/vn/","Freight forwarding / logistics agency","ready_for_manual_review","2026-06-09T06:56:30.070Z"
"CIFF VIETNAM","Vietnam","","ciffvn@ciffvn.com","ciffvn@ciffvn.com","","+84 28 3943 4449","85","FIATA members directory","https://fiata.org/directory/vn/","Freight forwarding / logistics agency","ready_for_manual_review","2026-06-09T06:56:30.071Z"
"GREEN EAGLE TRANSPORT CO LTD","Vietnam","","obd@green-eagle.com.vn","obd@green-eagle.com.vn","","+84 28 7106 6168","85","FIATA members directory","https://fiata.org/directory/vn/","Freight forwarding / logistics agency","ready_for_manual_review","2026-06-09T06:56:30.073Z"
"HPT TRANS CO., LTD","Vietnam","","lisa@hpttrans.com","lisa@hpttrans.com","","+84 28 9995 8886","85","FIATA members directory","https://fiata.org/directory/vn/","Freight forwarding / logistics agency","ready_for_manual_review","2026-06-09T06:56:30.074Z"
"JANSSEN LOGISTICS COMPANY LIMITED","Vietnam","","jan.logdoc1@gmail.com","jan.logdoc1@gmail.com","","+84 28 3815 8318","85","FIATA members directory","https://fiata.org/directory/vn/","Freight forwarding / logistics agency","ready_for_manual_review","2026-06-09T06:56:30.075Z"